site_name,best_loss,wall_clock_seconds,inf_alpha,inf_beta,delta,T_inf,T_TBD,T_AD,res_max,k_imm,theta_imm,res_gain,T_seasonal,win_length,win_start,lambda_win,lambda_sum,disp_r,grts_id,grts_cell_id,species_code,project_id,project_name,organization_name,sample_frame,site_type,event_id,event_geometry_id,grts_geometry,location_name
AACM,23.57311477,386.9392048,5,2,0.05,30,4.1,0.061458333,0.2,1,1,0.02,80,158.9713573,202.8828325,6.20414E-06,0.0001,34.072415,89637,54875,PESU,1476,Wisconsin DNR Colony Counts,Wisconsin Department of Natural Resources,Conus (Continental US) 10x10km Grid,mine,3756950,1243747,0103000020E610000001000000090000001F5B5434D7BB56C08D4E85F048604540B8D00A6EC4BF56C0D414A99196604540803A146B8FBF56C043B2B3B04E664540F0CD91565ABF56C0F0E5ADE7066C45400C4916D16BBB56C055D33B2AB96B4540FDF8655D7DB756C026E58E7A6A6B45409033DBBDB3B756C0083F1760B2654540747F570CEAB756C05EF97D5DFA5F45401F5B5434D7BB56C08D4E85F048604540,cac4174a871414795fa81756b41cacaf
BCM,27.40713443,557.0680148,5,2,0.05,30,4.1,0.061458333,0.2,1,1,0.02,72.89695063,120,241.9060783,1.23477E-06,0.000245646,5.858744814,98421,71462,PESU,1476,Wisconsin DNR Colony Counts,Wisconsin Department of Natural Resources,Conus (Continental US) 10x10km Grid,mine,3756992,1243752,0103000020E61000000100000009000000CF1E61156B1C57C0C3103A18C64046408D61D723732057C0D03051A0FC4046407EA8CC294D2057C05505986CBA4646408C12DA22272057C04813045D784C4640040228B61D1C57C0D61BAFBF414C464061CE9F56141857C09E22A5280A4C4640A3CD02BC3B1857C0F8F0AD4D4C46464044580714631857C02791CE968E404640CF1E61156B1C57C0C3103A18C6404640,e2cc0cdaccb483cf829036ec7f5ec031
BOC,15.20054301,294.8717954,5,2,0.05,30,4.1,0.061458333,0.2,1,1,0.02,46.87590738,120,239.6922796,3.35309E-06,0.000362697,34.74396499,92880,15195,PESU,1476,Wisconsin DNR Colony Counts,Wisconsin Department of Natural Resources,Conus (Continental US) 10x10km Grid,cave,3757039,1243759,0103000020E6100000010000000900000052F2EEDC08A956C0BD5051911FAF4540DEBCEBF0FEAC56C0327582CC71AF45406DDF3252C6AC56C072BF51192BB54540CC1992A08DAC56C02E36FA81E4BA4540CE200E3B96A856C0963E1D2892BA4540C496B3E89EA456C03FE9B4D93EBA4540C4EC09ECD8A456C069B7EE8F85B44540307708DC12A556C075D9EE61CCAE454052F2EEDC08A956C0BD5051911FAF4540,86fdba8daca52c460fbbafe6bcd62e58
BRCR,24.51408742,963.3954299,5,2,0.05,30,4.1,0.061458333,0.2,1,1,0.02,73.33717655,128.8688388,223.2439275,7.19857E-06,0.000361976,74.53614894,92884,80120,PESU,1476,Wisconsin DNR Colony Counts,Wisconsin Department of Natural Resources,Conus (Continental US) 10x10km Grid,cave,3757060,1243762,0103000020E6100000010000000900000052C479FE5A8956C020676C636BAC4540E270AA73508D56C0E7F64A3FC5AC4540731AC690128D56C043A9A60C7EB2454007EB3A99D48C56C0DA988DF536B84540431A22D3DD8856C0203734F8DCB74540AF51F221E78456C01016900682B74540E0F4926A268556C070115B3FC9B1454017461D9E658556C0E1BE9C9310AC454052C479FE5A8956C020676C636BAC4540,1d2ebf6dff670566d3030da89d1251c7
Batwing,61.69343445,11832.90401,5,2,0.05,30,4.1,0.061458333,0.2,1,1,0.02,79.49917103,236.2946301,350,6.18789E-06,0.0001,1.325160725,67456,7339,PESU,715,Indiana DNR Hibernaculum Colony Counts,"Indiana Department of Natural Resources, Division of Fish & Wildlife",Conus (Continental US) 10x10km Grid,cave,3397861,1021243,0103000020E61000000100000009000000B3573241DF9155C060EAB3CEEC1643405C68797B8A9555C0129592A081174340B5933B952A9555C086B4A2D02F1D434057DC5591CA9455C0CC8803FDDD2243401776AD371E9155C0EC4667FD48224340CA32E6FB718D55C07257FB1CB32143408BEB4A1FD38D55C0EB35861E051C434094DCB024348E55C0A2E8471C57164340B3573241DF9155C060EAB3CEEC164340,5265d2cad59a266e5eebf7091e15f0af
Binkley_historic_ent_,25.70821921,2599.171228,5,2,0.05,30,4.1,0.061458333,0.2,1,1,0.02,79.30806529,125.4859812,338.4217473,6.63313E-06,0.0004,2.052113598,67457,125733,PESU,715,Indiana DNR Hibernaculum Colony Counts,"Indiana Department of Natural Resources, Division of Fish & Wildlife",Conus (Continental US) 10x10km Grid,cave,3398003,1021260,0103000020E61000000100000009000000DD512026898A55C046215989C015434094DCB024348E55C0A2E8471C571643408BEB4A1FD38D55C0EB35861E051C4340CA32E6FB718D55C07257FB1CB321434039942BDEC58955C0095BCA5B1C2143409F13A9DE198655C0F400DFB9842043401F5455217C8655C04245DAE9D61A4340E109AC45DE8655C05E34F21529154340DD512026898A55C046215989C0154340,3beb114493f4298c773dc5e737fa04f1
Buckner,54.80066291,10133.18971,5,2,0.05,30,4.1,0.061458333,0.2,1,1,0.02,40,121.6120186,205.7467078,4.10799E-06,0.000370185,2.255295792,72082,62891,PESU,715,Indiana DNR Hibernaculum Colony Counts,"Indiana Department of Natural Resources, Division of Fish & Wildlife",Conus (Continental US) 10x10km Grid,cave,3397891,1021226,0103000020E61000000100000009000000B161DB94F7A755C085A8FD44218D4340FC887B18AFAB55C07B2D65CEB08D4340E642417151AB55C0C93B30995F9343401AD2AFACF3AA55C068D630650E994340834BE3013BA755C086F125AE7E9843403D0FA97482A355C0C34E4C13EE97434020568660E1A355C0EC001F753F9243400FE3B12E40A455C018270DD8908C4340B161DB94F7A755C085A8FD44218D4340,2778da03f17dde713434c3e28069033c
CCTS,34.94127315,965.537641,5,2,0.05,30,4.1,0.061458333,0.2,1,1,0.02,72.45614963,226.7620792,341.6641797,2.23232E-06,0.0001,4.081172322,99811,96551,PESU,1476,Wisconsin DNR Colony Counts,Wisconsin Department of Natural Resources,Conus (Continental US) 10x10km Grid,cave,3757150,1243772,0103000020E610000001000000090000008D88AC296A1357C03117CC46CA624640ECAEDA3A761757C0BAB5D60303634640B7D038924E1757C0C71D1498C1684640B5530FDC261757C0B3865752806E464096E1F469191357C0E272FA7E476E46408613A5050C0F57C077F6CEB00D6E4640B0CBEF1C350F57C09315160D4F6846405DF43A265E0F57C0060D558F906246408D88AC296A1357C03117CC46CA624640,aea7b38035de5e393446abc27274bf4e
Clyfty,72.64271941,6058.154054,5,2,0.05,30,4.1,0.061458333,0.2,1,1,0.02,80,165.8281693,296.2438299,8.66E-06,0.0001,6.527732726,72080,125340,PESU,715,Indiana DNR Hibernaculum Colony Counts,"Indiana Department of Natural Resources, Division of Fish & Wildlife",Conus (Continental US) 10x10km Grid,cave,3397984,1021232,0103000020E61000000100000009000000629F5F52D6B655C010D7FB145A8F434077EB154A8EBA55C083BED50FE68F4340EE2C62F132BA55C0738870349595434047C80C7CD7B955C0C725745A449B43407033BD5C1EB655C0737D0E33B89A434077334A5A65B255C0F6B4AF272B9A434056CC58F7C1B255C01896672E7C944340E3EB6A771EB355C004CE6E36CD8E4340629F5F52D6B655C010D7FB145A8F4340,3ff1d0851ad804270f618cb9835dc6c0
Coon,95.28604085,6392.783159,5,2,0.05,30,4.1,0.061458333,0.2,1,1,0.02,58.25428775,208.1892174,286.1070647,9.15115E-06,0.000231314,1.455638669,72082,62891,PESU,715,Indiana DNR Hibernaculum Colony Counts,"Indiana Department of Natural Resources, Division of Fish & Wildlife",Conus (Continental US) 10x10km Grid,cave,3398006,1021229,0103000020E61000000100000009000000B161DB94F7A755C085A8FD44218D4340FC887B18AFAB55C07B2D65CEB08D4340E642417151AB55C0C93B30995F9343401AD2AFACF3AA55C068D630650E994340834BE3013BA755C086F125AE7E9843403D0FA97482A355C0C34E4C13EE97434020568660E1A355C0EC001F753F9243400FE3B12E40A455C018270DD8908C4340B161DB94F7A755C085A8FD44218D4340,f7068395effc7c3e3ad7ed16aa3e5fe5
EST3,20.24977571,880.1610499,5,2,0.05,30,4.1,0.061458333,0.2,1,1,0.02,80,175.9320107,200.335775,2.2854E-06,0.000101864,3.532660538,95195,51355,PESU,1476,Wisconsin DNR Colony Counts,Wisconsin Department of Natural Resources,Conus (Continental US) 10x10km Grid,tunnel,3757214,1243785,0103000020E61000000100000009000000982A0EB2C8A656C03BD358FF60E84540F7347A66C5AA56C053895FD5B3E84540435805098CAA56C077210C466EEE4540D7CC489852AA56C0BF138FD528F445403784EB8D54A656C0AB151EE0D5F34540E3CA189756A256C0CA0C59F481F34540ADCEF55D91A256C093387884C7ED45408A0E1911CCA256C01D475A330DE84540982A0EB2C8A656C03BD358FF60E84540,67f5813ad35662c241140962c76d25ba
Endless,66.43560503,13396.5364,5,2,0.05,30,4.1,0.061458333,0.2,1,1,0.02,51.6140945,192.4042825,347.6317498,6.04718E-06,0.000283029,8.474168367,69771,28075,PESU,715,Indiana DNR Hibernaculum Colony Counts,"Indiana Department of Natural Resources, Division of Fish & Wildlife",Conus (Continental US) 10x10km Grid,cave,3397987,1021244,0103000020E6100000010000000900000044DB1562158E55C09896453DB94F4340D6541740C69155C0E771E0F54E5043401B6EDD2E659155C015BB0A0BFD554340F4FB70FF039155C073A9BD1EAB5B43406839A1FE518D55C001B55F37155B4340A55D3E1CA08955C0B911E26D7E5A4340DC33976E028A55C0EF692189D0544340710F65A2648A55C075D4CEA2224F434044DB1562158E55C09896453DB94F4340,263047db41751328681fe015003558db
Gypsy_Bill_Allen,22.79220924,2193.43608,5,2,0.05,30,4.1,0.061458333,0.2,1,1,0.02,73.6654004,183.0663021,349.5286168,3.31393E-07,0.000139211,5.577751073,69304,63147,PESU,715,Indiana DNR Hibernaculum Colony Counts,"Indiana Department of Natural Resources, Division of Fish & Wildlife",Conus (Continental US) 10x10km Grid,cave,3398220,1021264,0103000020E610000001000000090000005881B26A59AC55C0172D6EDCF0484340773708120AB055C0CB8039587F494340CC59BFC6ADAF55C04B5641262E4F4340E3C3C15E51AF55C0D331C6F2DC544340CE4C73949FAB55C079B28A4A4E544340045413E7EDA755C0A87C1EC0BE534340F09228724BA855C0DB693820104E4340697230E0A8A855C0EF19B67E614843405881B26A59AC55C0172D6EDCF0484340,59ab72d06df1ff7c0a0745b53ab0d905
HAIC,17.9905278,717.9213867,5,2,0.05,30,4.1,0.061458333,0.2,1,1,0.02,40,161.5070418,202.5473742,6.11571E-06,0.0004,88.61771435,92879,81655,PESU,1476,Wisconsin DNR Colony Counts,Wisconsin Department of Natural Resources,Conus (Continental US) 10x10km Grid,cave,3757291,1243794,0103000020E61000000100000009000000ADFDC617F5B056C040A37A13C3AF454046D54851EBB456C0724D326613B045404F68FB03B4B456C0010D1DD1CCB54540C00F36A47CB456C08E64F35786BB45401C71071985B056C0912044E735BB4540CC1992A08DAC56C02E36FA81E4BA45406DDF3252C6AC56C072BF51192BB54540DEBCEBF0FEAC56C0327582CC71AF4540ADFDC617F5B056C040A37A13C3AF4540,556457061570a87d367195e5d463d5d8
Jug_Hole_Harrison_,39.57711297,4914.345711,5,2,0.05,30,4.1,0.061458333,0.2,1,1,0.02,79.81447457,238.6935702,349.717342,5.1862E-06,0.000109382,1.372970829,66993,102732,PESU,715,Indiana DNR Hibernaculum Colony Counts,"Indiana Department of Natural Resources, Division of Fish & Wildlife",Conus (Continental US) 10x10km Grid,cave,3398111,1021251,0103000020E6100000010000000900000002D5A0D39F9255C01C1A2F90900B43402B1D34EF499655C091A78334250C434050091D44EA9555C0C0F09A6CD31143405C68797B8A9555C0129592A081174340B3573241DF9155C060EAB3CEEC16434094DCB024348E55C0A2E8471C57164340D0DB250C958E55C052470816A9104340B4B6B7D5F58E55C066438F0BFB0A434002D5A0D39F9255C01C1A2F90900B4340,c0f447ecc5832b42fda909ca90108c87
King_Blair_Brinegar,55.04365273,3114.461401,5,2,0.05,30,4.1,0.061458333,0.2,1,1,0.02,75.64753807,239.912825,200.0747994,1.21491E-07,0.0001,4.148602005,72082,62891,PESU,715,Indiana DNR Hibernaculum Colony Counts,"Indiana Department of Natural Resources, Division of Fish & Wildlife",Conus (Continental US) 10x10km Grid,cave,3398033,1021252,0103000020E61000000100000009000000B161DB94F7A755C085A8FD44218D4340FC887B18AFAB55C07B2D65CEB08D4340E642417151AB55C0C93B30995F9343401AD2AFACF3AA55C068D630650E994340834BE3013BA755C086F125AE7E9843403D0FA97482A355C0C34E4C13EE97434020568660E1A355C0EC001F753F9243400FE3B12E40A455C018270DD8908C4340B161DB94F7A755C085A8FD44218D4340,c74d9cfc5eac19ccdedd2e5a18a7edb3
Leonard_Spring,58.50556843,4440.532035,5,2,0.05,30,4.1,0.061458333,0.2,1,1,0.02,55.97040314,236.416501,329.4585934,9.28013E-06,0.000118551,4.855122226,71619,131090,PESU,715,Indiana DNR Hibernaculum Colony Counts,"Indiana Department of Natural Resources, Division of Fish & Wildlife",Conus (Continental US) 10x10km Grid,cave,3397970,1021254,0103000020E61000000100000009000000F3C6F8B1B3A855C07E218DDFC3814340326C210F6AAC55C0F62B853B53824340495C6CA20CAC55C09E01950402884340FC887B18AFAB55C07B2D65CEB08D4340B161DB94F7A755C085A8FD44218D43400FE3B12E40A455C018270DD8908C43402E9739DF9EA455C0B829DC3BE2864340FB4A2B72FDA455C0908E51A033814340F3C6F8B1B3A855C07E218DDFC3814340,d05d436838ba55d0d000336275189fab
MRM,39.8591492,589.0458892,5,2,0.05,30,4.1,0.061458333,0.2,1,1,0.02,40.0793959,120,328.1266287,4.93483E-06,0.00038283,0.654515502,98422,94460,PESU,1476,Wisconsin DNR Colony Counts,Wisconsin Department of Natural Resources,Conus (Continental US) 10x10km Grid,mine,3757460,1243827,0103000020E610000001000000090000007A3905205B1457C00F2E141C5640464044580714631857C02791CE968E404640A3CD02BC3B1857C0F8F0AD4D4C46464061CE9F56141857C09E22A5280A4C464052DF7C040B1457C06BACEB97D14B4640E597FABF011057C09156880D984B464092BDB2832A1057C04970C748DA45464061E99539531057C0F07B10A81C4046407A3905205B1457C00F2E141C56404640,db5da69172d876672a99ae4345d45006
MSHC,15.44327397,681.8069345,5,2,0.05,30,4.1,0.061458333,0.2,1,1,0.02,40,120,240.6555269,6.81377E-06,0.0004,8.381231291,90569,41435,PESU,1476,Wisconsin DNR Colony Counts,Wisconsin Department of Natural Resources,Conus (Continental US) 10x10km Grid,cave,3757475,1243828,0103000020E610000001000000090000008F93E9FBC78B56C0A213A5AD39734540EF018BE9B68F56C0608F7BE492734540F3C8F8D2798F56C0E1A667AE4A794540049125A83C8F56C09823F990027F45403B50EC6D4C8B56C03AFD7039A97E45401BE934485C8756C0AA295AEF4E7E45402D77CCBF9A8756C0C013B02D9778454075ADB522D98756C08C7C9784DF7245408F93E9FBC78B56C0A213A5AD39734540,1e015ae52ae47a4c3eb8f36764dc7a29
PPSC,15.88999218,423.1241064,5,2,0.05,30,4.1,0.061458333,0.2,1,1,0.02,51.50353859,164.5598027,200,0.00001,0.000327397,98.95074111,92880,15195,PESU,1476,Wisconsin DNR Colony Counts,Wisconsin Department of Natural Resources,Conus (Continental US) 10x10km Grid,cave,3757540,1243840,0103000020E6100000010000000900000052F2EEDC08A956C0BD5051911FAF4540DEBCEBF0FEAC56C0327582CC71AF45406DDF3252C6AC56C072BF51192BB54540CC1992A08DAC56C02E36FA81E4BA4540CE200E3B96A856C0963E1D2892BA4540C496B3E89EA456C03FE9B4D93EBA4540C4EC09ECD8A456C069B7EE8F85B44540307708DC12A556C075D9EE61CCAE454052F2EEDC08A956C0BD5051911FAF4540,791d9c3409baa2681aa6cc67b092bf87
RGSC,15.91282583,1031.224536,5,2,0.05,30,4.1,0.061458333,0.2,1,1,0.02,79.73190626,120,224.3715285,9.48129E-06,0.000345547,90.32653962,91495,61339,PESU,1476,Wisconsin DNR Colony Counts,Wisconsin Department of Natural Resources,Conus (Continental US) 10x10km Grid,cave,3757582,1243846,0103000020E61000000100000009000000179BE78DD08A56C0C517D028198A454010D99315C28E56C046A131A1728A4540BD22C1AD848E56C006CB6BCF2A904540D2008531478E56C02BAC7117E3954540CCC2895B548A56C050C60E7E899545402B52399A618656C0C0D26CF12E954540D648F164A08656C04F949ECA768F454015A3D11ADF8656C0C9E587BDBE894540179BE78DD08A56C0C517D028198A4540,b00d225341f203614e9f33a0f55e86e7
Rays,72.6839668,17517.25169,5,2,0.05,30,4.1,0.061458333,0.2,1,1,0.02,78.86563832,197.0175905,347.7857542,9.82688E-06,0.000399989,2.570160405,71618,35243,PESU,715,Indiana DNR Hibernaculum Colony Counts,,"Indiana Department of Natural Resources, Division of Fish & Wildlife",cave,3397972,1021227,0103000020E610000001000000090000007C2C788920B055C0681C2FB4E18243402AF1CF20D7B355C0DE7080496F834340C2208EDA7AB355C002A18A3F1E894340E3EB6A771EB355C004CE6E36CD8E4340A62165B966AF55C0091539743F8E4340FC887B18AFAB55C07B2D65CEB08D4340495C6CA20CAC55C09E01950402884340326C210F6AAC55C0F62B853B538243407C2C788920B055C0681C2FB4E1824340,94795b50974af25c7080afba0d3b2585
Richs_Cave,24.55629724,3224.845399,5,2,0.05,30,4.1,0.061458333,0.2,1,1,0.02,80,240,349.6680059,0,0.0001,1.014055222,62801,80948,PESU,504,Shawnee National Forest,U.S. Forest Service,Conus (Continental US) 10x10km Grid,,2607723,740003,0103000020E6100000010000000900000090942CA2134F56C0F158EFE3DEBD42405310AD90B85256C0DE2E3D6D46BE424020A40691765256C03D947DB9F8C34240D1931A7D345256C0D5E2C8FFAAC94240DFDC80718E4E56C05A665E5743C942406781617AE84A56C085D9FFCEDAC84240E9B488AB2B4B56C0BDF5FAA728C34240B8A913C86E4B56C0B465EF7A76BD424090942CA2134F56C0F158EFE3DEBD4240,84b79a8aabee8cf339441fc5b909f70c
River,35.85047107,6284.406152,5,2,0.05,30,4.1,0.061458333,0.2,1,1,0.02,80,120,308.9466652,8.62052E-06,0.000141396,6.952343664,69771,28075,PESU,715,Indiana DNR Hibernaculum Colony Counts,"Indiana Department of Natural Resources, Division of Fish & Wildlife",Conus (Continental US) 10x10km Grid,cave,3398164,1021248,0103000020E6100000010000000900000044DB1562158E55C09896453DB94F4340D6541740C69155C0E771E0F54E5043401B6EDD2E659155C015BB0A0BFD554340F4FB70FF039155C073A9BD1EAB5B43406839A1FE518D55C001B55F37155B4340A55D3E1CA08955C0B911E26D7E5A4340DC33976E028A55C0EF692189D0544340710F65A2648A55C075D4CEA2224F434044DB1562158E55C09896453DB94F4340,149529f6dcbcc198787e69a11235422e
STBM,14.73024548,462.5338294,5,2,0.05,30,4.1,0.061458333,0.2,1,1,0.02,51.51868788,150.6786431,200,1.22807E-06,0.000261366,50.09351045,88253,13787,PESU,1476,Wisconsin DNR Colony Counts,Wisconsin Department of Natural Resources,Conus (Continental US) 10x10km Grid,mine,3757598,1243851,0103000020E61000000100000009000000A8441709FE9556C017E875B3C13A4540A12EEEABE69956C04417F967183B4540840206A6AB9956C0BD21686ACF404540EB78AB8C709956C00739BD8286464540561251A1869556C07785F6AE2F464540C870A8C99C9156C0633B43EAD7454540D974B22BD99156C0EEEC65F12040454051BBDE79159256C0A1C75B0E6A3A4540A8441709FE9556C017E875B3C13A4540,444fe384f4aa950b62385087768ac7d8
STJM,14.34884359,527.4666983,5,2,0.05,30,4.1,0.061458333,0.2,1,1,0.02,79.8796614,124.3584479,200,1.41489E-06,0.000231688,51.26712704,89176,88841,PESU,1476,Wisconsin DNR Colony Counts,Wisconsin Department of Natural Resources,Conus (Continental US) 10x10km Grid,mine,3757606,1243852,0103000020E61000000100000009000000AF192E4893AC56C0885032929953454033B913EF7EB056C0F70B32DDEA5345406AE1E57947B056C0009AEB93A2594540D44964F20FB056C0D302E1615A5F45402CBBDA0023AC56C017C759F9085F4540D85CE42136A856C098C70B9FB65E454017F636F46EA856C03230D2EEFE5845408551C9B3A7A856C0A389C25547534540AF192E4893AC56C08850329299534540,b2f649e69f7b834309e10e985e57a9e5
Saltpeter_Crawford_,63.51562054,5440.894617,5,2,0.05,30,4.1,0.061458333,0.2,1,1,0.02,78.7076824,171.9777496,342.3930128,5.6456E-06,0.000149411,2.203744488,67456,7339,PESU,715,Indiana DNR Hibernaculum Colony Counts,"Indiana Department of Natural Resources, Division of Fish & Wildlife",Conus (Continental US) 10x10km Grid,cave,3398064,1021230,0103000020E61000000100000009000000B3573241DF9155C060EAB3CEEC1643405C68797B8A9555C0129592A081174340B5933B952A9555C086B4A2D02F1D434057DC5591CA9455C0CC8803FDDD2243401776AD371E9155C0EC4667FD48224340CA32E6FB718D55C07257FB1CB32143408BEB4A1FD38D55C0EB35861E051C434094DCB024348E55C0A2E8471C57164340B3573241DF9155C060EAB3CEEC164340,925eebd965d22c8b934ec669d8fe7372
Saltpeter_Monroe_,45.83815927,4577.734699,5,2,0.05,30,4.1,0.061458333,0.2,1,1,0.02,79.37144463,235.6522495,349.4426594,0.00001,0.000100401,0.844027197,72082,62891,PESU,715,Indiana DNR Hibernaculum Colony Counts,"Indiana Department of Natural Resources, Division of Fish & Wildlife",Conus (Continental US) 10x10km Grid,cave,3398120,1021228,0103000020E61000000100000009000000B161DB94F7A755C085A8FD44218D4340FC887B18AFAB55C07B2D65CEB08D4340E642417151AB55C0C93B30995F9343401AD2AFACF3AA55C068D630650E994340834BE3013BA755C086F125AE7E9843403D0FA97482A355C0C34E4C13EE97434020568660E1A355C0EC001F753F9243400FE3B12E40A455C018270DD8908C4340B161DB94F7A755C085A8FD44218D4340,792359170ac6b2c2743563223cffdaa0
Site_BB,30.94391567,719.0234531,5,2,0.05,30,4.1,0.061458333,0.2,1,1,0.02,63.32744992,120.8456671,350,4.15013E-06,0.000391336,3.792750394,61412,127335,PESU,653,Illinois Department of Natural Resources,Illinois Department of Natural Resources,Conus (Continental US) 10x10km Grid,,2610293,740705,0103000020E61000000100000009000000BBCBA44BA15056C0BBB2B0EDB09B4240EAD2E4E6425456C0B178791A189C4240038F1D60015456C0F700068FCAA14240D92A48C5BF5356C00FE350FC7CA74240F8EAF30E1D5056C0ADBAD3B015A7424084EBE16C7A4C56C0B67F2786ADA64240A21DED22BD4C56C09D34BA37FBA04240C57E94C4FF4C56C0B8F2F9E1489B4240BBCBA44BA15056C0BBB2B0EDB09B4240,058df2510e02d74dd8ba6c3aebbb023c
Site_E,20.15930761,565.7841043,5,2,0.05,30,4.1,0.061458333,0.2,1,1,0.02,70.9007724,120,200,7.50901E-06,0.0004,3.311268333,61418,34667,PESU,653,Illinois Department of Natural Resources,Illinois Department of Natural Resources,Conus (Continental US) 10x10km Grid,,2610185,740675,0103000020E61000000100000009000000B914E45A142556C04E7AD1EF96964240CC46E6F8B42856C00468E38D0897424093F619D36C2856C02FF30B42BA9C424094BE3E97242856C0A6BB86EE6BA24240429010DF822456C011F2B52EFAA142404F0A263DE12056C0FF100F9087A14240CEA54D932A2156C06CF17C05D69B4240D23611D3732156C01E0F2A7324964240B914E45A142556C04E7AD1EF96964240,faa5bd71aa5b03547f62d7a4dc01a10f
Site_N,47.05212962,1154.580779,5,2,0.05,30,4.1,0.061458333,0.2,1,1,0.02,43.76342745,120,313.7489968,8.20914E-06,0.00039674,0.598801823,61874,89700,PESU,653,Illinois Department of Natural Resources,Illinois Department of Natural Resources,Conus (Continental US) 10x10km Grid,,2610204,740679,0103000020E6100000010000000900000099BCB38F625756C0C1ED9768E3A7424010AC0B6E055B56C053DEA1F548A84240157BCFDAC45A56C0E78C4E7AFBAD4240FAD3C833845A56C0902E39F8ADB34240982C8C39E05656C0E327DB4C48B34240EC314E533C5356C01592FEC1E1B24240DE735B167E5356C0565091622FAD4240D92A48C5BF5356C00FE350FC7CA7424099BCB38F625756C0C1ED9768E3A74240,374d6f59190dc9ce19557319cc53e24d
Site_Z,58.33795048,1431.733485,5,2,0.05,30,4.1,0.061458333,0.2,1,1,0.02,43.66735661,124.1712843,316.3131923,1.55019E-07,0.0004,0.184944289,61412,127335,PESU,653,Illinois Department of Natural Resources,Illinois Department of Natural Resources,Conus (Continental US) 10x10km Grid,,2610332,740719,0103000020E61000000100000009000000BBCBA44BA15056C0BBB2B0EDB09B4240EAD2E4E6425456C0B178791A189C4240038F1D60015456C0F700068FCAA14240D92A48C5BF5356C00FE350FC7CA74240F8EAF30E1D5056C0ADBAD3B015A7424084EBE16C7A4C56C0B67F2786ADA64240A21DED22BD4C56C09D34BA37FBA04240C57E94C4FF4C56C0B8F2F9E1489B4240BBCBA44BA15056C0BBB2B0EDB09B4240,f5ac4951d64dc0bc08324e71c4f1aea0
Wildcat,49.74036272,7704.588047,5,2,0.05,30,4.1,0.061458333,0.2,1,1,0.02,66.70864932,240,347.9039346,4.05171E-07,0.000287678,2.672738558,67456,7339,PESU,715,Indiana DNR Hibernaculum Colony Counts,"Indiana Department of Natural Resources, Division of Fish & Wildlife",Conus (Continental US) 10x10km Grid,cave,3397998,1021224,0103000020E61000000100000009000000B3573241DF9155C060EAB3CEEC1643405C68797B8A9555C0129592A081174340B5933B952A9555C086B4A2D02F1D434057DC5591CA9455C0CC8803FDDD2243401776AD371E9155C0EC4667FD48224340CA32E6FB718D55C07257FB1CB32143408BEB4A1FD38D55C0EB35861E051C434094DCB024348E55C0A2E8471C57164340B3573241DF9155C060EAB3CEEC164340,a4b133cec0ad1680d60fe76c1f4b5e26
Wyandotte_historic_ent_,58.04135281,16721.93611,5,2,0.05,30,4.1,0.061458333,0.2,1,1,0.02,79.82570034,240,349.9270955,0.00001,0.0001,1.317767723,67456,7339,PESU,715,Indiana DNR Hibernaculum Colony Counts,"Indiana Department of Natural Resources, Division of Fish & Wildlife",Conus (Continental US) 10x10km Grid,cave,3397865,1021231,0103000020E61000000100000009000000B3573241DF9155C060EAB3CEEC1643405C68797B8A9555C0129592A081174340B5933B952A9555C086B4A2D02F1D434057DC5591CA9455C0CC8803FDDD2243401776AD371E9155C0EC4667FD48224340CA32E6FB718D55C07257FB1CB32143408BEB4A1FD38D55C0EB35861E051C434094DCB024348E55C0A2E8471C57164340B3573241DF9155C060EAB3CEEC164340,d4885acdadec6ee114f707014f98d076
ironton_mine,24.96283771,975.1784693,5,2,0.05,30,4.1,0.061458333,0.2,1,1,0.02,42.6907665,120,337.3356569,3.96283E-06,0.000393288,5.003065401,71653,71340,PESU,1079,Wayne National Forest,U.S. Forest Service,Conus (Continental US) 10x10km Grid,,2635747,757529,0103000020E610000001000000090000006D410A7E73AD54C0976530129653434004B87B8520B154C007B3DE6161544340DA886A8C9CB054C0B3CC90F5085A4340CA73756A18B054C0BF14ED85B05F4340A4563C456AAC54C07DBFF5F6E45E43408A892449BCA854C07725D387185E43403FC4F88841A954C07B0FF236715843407739949FC6A954C06D7697E2C95243406D410A7E73AD54C09765301296534340,04eeb193589b00136d3334377009b476
