site_name,best_loss,wall_clock_seconds,inf_alpha,inf_beta,delta,T_inf,T_TBD,T_AD,res_max,k_imm,theta_imm,res_gain,T_seasonal,win_length,win_start,lambda_win,lambda_sum,disp_r
AACM,23.573114771282853,386.93920478597283,5.0,2.0,0.05,30.0,4.1,0.06145833333333333,0.2,1.0,1.0,0.02,80.0,158.9713573485927,202.88283246983013,6.204139907198879e-06,0.0001,34.072414999310126
BCM,27.40713442881696,557.068014751887,5.0,2.0,0.05,30.0,4.1,0.06145833333333333,0.2,1.0,1.0,0.02,72.89695063283733,120.0,241.9060783354233,1.2347735851415314e-06,0.00024564578707633993,5.85874481372357
BOC,15.200543012637445,294.87179539888166,5.0,2.0,0.05,30.0,4.1,0.06145833333333333,0.2,1.0,1.0,0.02,46.87590737736877,120.0,239.69227962365565,3.3530923264005323e-06,0.00036269726849340214,34.74396498931173
BRCR,24.51408742121641,963.3954298549797,5.0,2.0,0.05,30.0,4.1,0.06145833333333333,0.2,1.0,1.0,0.02,73.33717654525073,128.86883883965766,223.24392746644435,7.198568578581259e-06,0.00036197615655457656,74.53614893772456
Batwing,61.69343444510828,11832.90400753403,5.0,2.0,0.05,30.0,4.1,0.06145833333333333,0.2,1.0,1.0,0.02,79.49917103280522,236.29463008633454,350.0,6.187887265829836e-06,0.0001,1.3251607250336066
Binkley_historic_ent_,25.70821920579604,2599.1712282779627,5.0,2.0,0.05,30.0,4.1,0.06145833333333333,0.2,1.0,1.0,0.02,79.30806528837944,125.4859812071297,338.4217473402729,6.6331276881964e-06,0.0004,2.052113597532572
Buckner,54.800662906628574,10133.189706968144,5.0,2.0,0.05,30.0,4.1,0.06145833333333333,0.2,1.0,1.0,0.02,40.0,121.61201857181352,205.7467078388208,4.107994791052299e-06,0.00037018521452131714,2.255295792054519
CCTS,34.94127315275004,965.5376409948803,5.0,2.0,0.05,30.0,4.1,0.06145833333333333,0.2,1.0,1.0,0.02,72.45614962519619,226.76207915651014,341.6641797156029,2.232320764732185e-06,0.0001,4.0811723224919545
Clyfty,72.64271941061685,6058.154053786071,5.0,2.0,0.05,30.0,4.1,0.06145833333333333,0.2,1.0,1.0,0.02,80.0,165.8281692897417,296.24382991169955,8.66474454597375e-06,0.0001,6.5277327260522355
Coon,95.28604084982224,6392.7831590950955,5.0,2.0,0.05,30.0,4.1,0.06145833333333333,0.2,1.0,1.0,0.02,58.254287751576506,208.18921744355916,286.1070646890235,9.151147478061507e-06,0.00023131405014344006,1.4556386685347573
EST3,20.249775714606454,880.1610498719383,5.0,2.0,0.05,30.0,4.1,0.06145833333333333,0.2,1.0,1.0,0.02,80.0,175.93201073908347,200.33577499034152,2.285402688666661e-06,0.00010186413310874767,3.5326605384440004
Endless,66.43560502917578,13396.53639879194,5.0,2.0,0.05,30.0,4.1,0.06145833333333333,0.2,1.0,1.0,0.02,51.61409449541452,192.4042825377356,347.6317497942569,6.0471762563657155e-06,0.00028302859774029823,8.474168367367277
Gypsy_Bill_Allen,22.792209243187067,2193.4360802820884,5.0,2.0,0.05,30.0,4.1,0.06145833333333333,0.2,1.0,1.0,0.02,73.665400398681,183.0663020591223,349.528616802208,3.3139343159909636e-07,0.0001392105909252023,5.577751073339991
HAIC,17.990527802593952,717.921386707807,5.0,2.0,0.05,30.0,4.1,0.06145833333333333,0.2,1.0,1.0,0.02,40.0,161.50704180680606,202.5473741573021,6.115714941525739e-06,0.0004,88.61771435177315
Jug_Hole_Harrison_,39.5771129739738,4914.345710919006,5.0,2.0,0.05,30.0,4.1,0.06145833333333333,0.2,1.0,1.0,0.02,79.8144745749546,238.6935701581105,349.7173419557923,5.186202611051765e-06,0.00010938151579769823,1.3729708287377618
King_Blair_Brinegar,55.04365273466708,3114.4614007549826,5.0,2.0,0.05,30.0,4.1,0.06145833333333333,0.2,1.0,1.0,0.02,75.64753806981987,239.91282501746542,200.07479937996453,1.2149127794541216e-07,0.0001,4.148602004882643
Leonard_Spring,58.50556843035274,4440.532035251148,5.0,2.0,0.05,30.0,4.1,0.06145833333333333,0.2,1.0,1.0,0.02,55.970403141247694,236.41650103715108,329.45859340712303,9.28012838066863e-06,0.00011855110273401327,4.855122226192649
MRM,39.859149196730584,589.0458892188035,5.0,2.0,0.05,30.0,4.1,0.06145833333333333,0.2,1.0,1.0,0.02,40.079395902848624,120.0,328.1266287380783,4.934826013609629e-06,0.0003828297015519337,0.6545155019877951
MSHC,15.44327396772797,681.8069345441181,5.0,2.0,0.05,30.0,4.1,0.06145833333333333,0.2,1.0,1.0,0.02,40.0,120.0,240.65552687499746,6.813774593845007e-06,0.0004,8.381231291239796
PPSC,15.889992178431475,423.1241063850466,5.0,2.0,0.05,30.0,4.1,0.06145833333333333,0.2,1.0,1.0,0.02,51.50353858849876,164.5598027336477,200.0,1e-05,0.0003273967003361339,98.95074111314513
RGSC,15.91282583060173,1031.2245362130925,5.0,2.0,0.05,30.0,4.1,0.06145833333333333,0.2,1.0,1.0,0.02,79.73190625904428,120.0,224.3715285061008,9.481292174981747e-06,0.0003455467664377332,90.32653961751876
Rays,72.68396679772906,17517.251689417986,5.0,2.0,0.05,30.0,4.1,0.06145833333333333,0.2,1.0,1.0,0.02,78.86563831792218,197.01759045411882,347.78575415308626,9.826881571806339e-06,0.0003999894001685547,2.5701604054189637
Richs_Cave,24.55629724115181,3224.845399213955,5.0,2.0,0.05,30.0,4.1,0.06145833333333333,0.2,1.0,1.0,0.02,80.0,240.0,349.6680058814029,0.0,0.0001,1.0140552217964813
River,35.85047106553334,6284.406152059091,5.0,2.0,0.05,30.0,4.1,0.06145833333333333,0.2,1.0,1.0,0.02,80.0,120.0,308.9466651632792,8.620516817680881e-06,0.00014139586578834962,6.952343664415293
STBM,14.730245476473806,462.53382935980335,5.0,2.0,0.05,30.0,4.1,0.06145833333333333,0.2,1.0,1.0,0.02,51.518687884311404,150.67864310682086,200.0,1.2280712350358537e-06,0.0002613656600268806,50.093510448979245
STJM,14.34884358916293,527.4666983080097,5.0,2.0,0.05,30.0,4.1,0.06145833333333333,0.2,1.0,1.0,0.02,79.8796613967587,124.35844793651749,200.0,1.4148855625366688e-06,0.00023168761225304522,51.26712704458658
Saltpeter_Crawford_,63.515620539346074,5440.8946169652045,5.0,2.0,0.05,30.0,4.1,0.06145833333333333,0.2,1.0,1.0,0.02,78.70768239884359,171.97774955059265,342.3930128334505,5.6455984254766825e-06,0.00014941087879463723,2.2037444884934474
Saltpeter_Monroe_,45.83815927156915,4577.734698669985,5.0,2.0,0.05,30.0,4.1,0.06145833333333333,0.2,1.0,1.0,0.02,79.37144462665752,235.65224945389406,349.4426594140718,1e-05,0.00010040092874652978,0.8440271973124864
Site_BB,30.943915674417376,719.023453071015,5.0,2.0,0.05,30.0,4.1,0.06145833333333333,0.2,1.0,1.0,0.02,63.32744991925486,120.8456671091147,350.0,4.150132106524992e-06,0.0003913358339125032,3.792750393986876
Site_E,20.159307606503887,565.784104316961,5.0,2.0,0.05,30.0,4.1,0.06145833333333333,0.2,1.0,1.0,0.02,70.90077240233883,120.0,200.0,7.5090055276591685e-06,0.0004,3.311268332521804
Site_N,47.05212962472929,1154.580779292155,5.0,2.0,0.05,30.0,4.1,0.06145833333333333,0.2,1.0,1.0,0.02,43.763427448382984,120.0,313.74899683063677,8.209135535243578e-06,0.00039673958221949946,0.5988018230374013
Site_Z,58.33795047934342,1431.733485040022,5.0,2.0,0.05,30.0,4.1,0.06145833333333333,0.2,1.0,1.0,0.02,43.6673566117535,124.1712842860941,316.3131922654212,1.550186925646819e-07,0.0004,0.18494428872508778
Wildcat,49.740362721949246,7704.588047238067,5.0,2.0,0.05,30.0,4.1,0.06145833333333333,0.2,1.0,1.0,0.02,66.70864932118695,240.0,347.90393464758654,4.0517141885393153e-07,0.0002876777313753175,2.6727385582443333
Wyandotte_historic_ent_,58.04135280779025,16721.93611461995,5.0,2.0,0.05,30.0,4.1,0.06145833333333333,0.2,1.0,1.0,0.02,79.82570033701434,240.0,349.9270954751236,1e-05,0.0001,1.3177677234299883
ironton_mine,24.962837711612945,975.1784692539368,5.0,2.0,0.05,30.0,4.1,0.06145833333333333,0.2,1.0,1.0,0.02,42.69076650070468,120.0,337.33565688668614,3.9628257695652795e-06,0.00039328835813668924,5.003065400667413
